Age,Income,Loan_Amount,Credit_Score,Employment_Years,Education_Level,Housing_Status,Default
37.42260111646822,25418.03389232939,39060.62730218255,301.1648398909414,4,0,0,1
33.05279138664302,130932.81234203679,23043.414245732358,807.4543974036817,26,1,1,0
62.02486011643195,115592.71994791916,26550.730134178237,641.1851079462691,25,1,2,0
22.285504666849583,37963.42142130327,41606.419663941466,542.8078014017565,2,0,1,1
36.74919803846729,145815.0132069567,19102.646374910888,759.9718551092024,25,3,1,0
31.913243088567572,13029.239820850184,36872.61641316866,315.0792352446584,3,1,0,1
24.69561168830163,45276.45043681149,38466.00938485447,424.1338212210608,2,0,0,1
60.709091128165525,126311.71870447998,17065.001671310893,832.4408944083506,9,3,1,1
66.06861067468049,133005.26162486416,13042.774759276213,737.796308415455,19,1,1,0
19.9466079205313,27494.180481401272,51148.228220886376,398.42772502057244,2,0,0,1
40.78664698940685,132668.01318673798,21850.40979080466,679.498494849101,10,3,1,0
36.96032669660352,42171.194640913825,30961.770417807034,604.1061097774506,1,0,0,1
39.28697040035971,38567.94328926569,48123.67404842085,433.54500888280216,3,1,0,1
46.01228905119806,136291.25164580802,2949.416162862152,608.2309143843275,19,2,2,1
37.81042984406488,140878.02620432724,12909.388418080322,755.4187835105856,6,1,1,0
35.78855135831007,117269.23736798175,14858.72901874824,980.2682759068148,21,3,2,0
53.80942748439977,99150.42176924812,30545.38636986113,816.3079347263576,25,2,1,0
54.64298112855982,123815.98454206847,17615.459583265743,824.5512137337415,27,1,1,0
29.7831714404249,47917.27084620952,32704.49038818187,489.52799243739537,1,1,1,1
47.34445997656595,107662.84339407459,27310.119268968334,747.1496550691032,22,2,1,0
23.97798510584477,17659.547235503538,47175.87368441906,393.11446391158466,1,0,1,1
26.11128554999071,115672.0614518002,8645.273515856887,745.7767578559074,8,1,1,0
42.7932901807626,118721.46238836147,8433.821509871414,661.7900964187688,25,3,2,0
25.061529996649796,6826.545124852793,41133.84259412602,470.2623331634775,4,1,1,1
55.29745590250188,62247.91092514107,12855.451369973685,812.1370248523324,6,3,2,0
38.44666807261023,97722.32963766,23704.023356164143,754.4911666308104,9,2,2,0
33.5788275237676,13313.546594629217,44346.80624003867,414.9716281169831,1,1,1,1
31.944503368462303,30509.187284401763,50748.17512646793,307.80183063676674,3,0,1,1
40.600082449366106,124639.899957943,-6716.199724111379,853.4579553486797,29,1,1,1
29.032284166621924,48537.00978713862,41350.56557143082,405.7163043442459,4,0,0,0
17.26515390175634,21075.398297800522,26379.730174262815,413.26879097714436,3,1,0,1
21.92806428027998,29157.6257038256,39237.66125201508,298.41841564805003,2,1,1,1
38.52473230860764,61661.93804540066,20639.543385381643,665.9091645340799,24,3,1,0
40.28692395615021,160175.01546704842,9138.340489927921,684.8553185696276,26,1,2,0
17.22753257762811,61431.26744565017,54179.654123010296,466.9796032911512,4,0,0,1
21.24842990013792,12855.386442453077,45209.63950530175,413.49789875839423,3,0,0,1
50.78790594776269,123490.20789223921,1735.0832008872503,677.7870214874281,11,2,2,0
32.41296356135582,20798.817784288185,30275.902668349616,417.9930313847558,3,1,1,1
37.904272116919,165629.7898353756,9905.993501658226,638.3770983552131,19,3,1,0
38.36703715099408,35083.97139214193,44528.935979268135,559.3524559685027,4,0,0,1
30.145305029586453,38730.82867900219,38628.275952851895,441.2692986664235,4,1,1,0
44.779924539439136,137886.23741293326,9575.633310406292,764.5903165145,5,1,2,0
17.20386798131962,30066.145646571684,37653.66230649326,318.21736519466367,0,0,1,1
54.728634972532916,76451.64865982074,28513.407298232396,884.9622721443379,13,2,2,0
29.188379978735153,37332.17673372609,32146.374739209074,437.1872928720954,4,1,1,1
62.413383160170866,109305.0742203805,3327.2983821789912,820.9199044944093,20,2,1,0
19.17811598663298,18275.268176813726,41533.80034603152,512.6681813114618,4,1,1,0
21.442123492067275,30673.114602585745,42724.165770158135,285.48823279680187,4,0,0,1
32.93705966539174,25324.742840843857,45882.74600667216,506.99647278695136,4,1,0,1
34.357438704215234,126656.84212995137,34500.925299648756,746.864377163165,8,1,2,0
40.873457565450295,90992.34758260885,31968.5191563697,599.4979423471634,16,1,2,0
41.07184178013013,101347.32315200071,15586.294188667147,864.3152954120515,22,1,1,0
28.714001636930902,94859.92198135474,7649.771129028545,549.3950676738909,9,3,1,0
58.22962667908963,47917.661419463766,15741.579562707664,804.0630609226511,24,2,2,0
32.92124776702833,107747.44844234624,24892.50212789128,863.3360127791043,13,3,1,0
58.17840285818337,111083.19908585728,15092.808682548743,729.8093133358665,22,2,1,0
33.27725931806361,57239.56965804158,37227.58881978448,475.8747086924583,1,0,1,1
38.25155718119972,114074.44523183229,14422.387285736739,710.6923821689297,23,2,1,0
50.884552539729334,155172.30253712783,10935.45951773554,780.8527751090952,28,2,2,0
41.865679598356515,52172.96849192114,20658.51627018788,634.3874942405688,27,2,2,0
37.80591270424274,51671.38336611272,32479.28550534703,477.9125605434564,4,1,0,1
24.449251853558845,36560.07514131195,41809.44206120313,312.37505655829096,4,1,0,1
27.36672559866399,50401.363230857896,29765.643313774075,386.4404099145644,0,1,0,1
25.34299764004042,37140.32924111314,36652.26189147613,467.38798924276534,0,0,1,1
34.30198204174081,41251.17084975651,35250.73274262129,161.62430879988713,2,1,1,1
38.80964003921038,107103.42653612103,18051.296245278572,696.8679004769284,9,3,2,0
25.56621761494681,34046.7380355954,40400.026962638774,400.43608997408404,2,0,0,1
48.07073424609163,119332.84220455306,27415.34617043403,680.5766293228833,24,3,1,1
28.15318357164077,32208.69502756162,33370.621148806065,451.9270239333502,0,0,0,1
26.577628146383066,38461.6449804727,36126.04421675755,359.16350320190736,0,1,0,0
37.431109385186936,38895.455141846105,31216.265079423254,442.0208682971081,3,0,0,1
33.86350249721068,38478.93942149773,37443.072322400665,440.25667621527725,2,1,0,1
23.38044184275092,65577.31862491454,14210.170996056786,860.5235779535029,5,3,1,0
57.154211239194495,137140.59853590996,7712.866669878058,688.9799886690253,17,2,2,0
41.056199113979275,115154.85253068586,12267.25944532308,829.9711559166882,28,1,2,0
57.190619189598884,55068.04717736136,15959.584993138578,593.5574653904309,22,1,2,0
33.622896835608046,48122.05785712264,36501.50147107665,554.1968544907613,2,0,0,1
23.592815616613453,43133.64973280287,36872.40578872575,445.67747514035597,2,1,0,1
40.30394069921813,38891.19003765653,47431.00748075691,414.49869895066104,2,0,1,0
20.180452188909797,28887.113088482613,33962.795250964846,593.9509007912803,0,1,1,1
31.404996975631548,52229.47476464628,33017.18382897191,583.9817412519816,3,1,0,1
32.86719134432262,39034.52789733032,28175.50092747756,472.04989516975746,1,1,0,1
38.9787395379771,151077.4826317924,4376.581909935903,664.5506199897017,20,1,1,0
60.71130288530952,107232.69298449016,24292.13465727295,688.2861690942647,15,1,2,0
42.24769947599804,7110.952230940169,35762.09300932204,277.18329540681447,4,1,1,0
43.29063924466532,133239.40549982982,28455.028947796003,667.0541858085427,14,3,1,1
32.38816796445039,42263.198152816294,58750.47159159595,481.39112174217985,0,0,0,1
48.852103408997635,76424.3735083759,27459.195014680572,733.8145419071284,28,1,2,0
34.32044535241357,84244.22832059584,14825.83192622147,697.608966561682,5,3,2,0
19.888275356061957,27722.45648164488,26457.782042588704,608.9778008279795,1,0,1,1
37.56920401246961,32449.960560500822,46541.265157085596,391.30683280034015,3,1,1,1
60.82560398661345,54627.54227723293,22434.775983632593,614.0186063178453,9,3,1,0
33.09828260285183,46877.83533905627,53290.54349507013,332.51642275712186,3,0,1,1
45.301154149005164,83153.7815548361,22057.16223786966,691.8765395153171,12,2,2,1
36.465082771842276,49366.18396558995,36390.927884539735,341.99464629037607,0,0,1,1
20.652521370701358,45732.638679872616,49265.57140140667,357.84592109820824,4,0,0,1
54.731620058135455,85894.42721267947,11858.772197782728,640.3443606258145,23,2,2,0
58.053929130910724,109364.2790869513,17463.562639483698,827.6191928105292,12,1,1,0
62.53452338307442,95765.76943813906,6510.688744194852,736.5471838374431,6,3,1,0
54.164778777293655,123054.74466228345,22051.547623318067,722.4148429966542,6,1,1,0
32.19401859287671,22181.294491930843,33524.04422322154,266.49930971629897,4,0,1,1
52.00822181269415,116837.02804124125,14076.197063081388,610.8226784483853,20,2,1,0
34.97767041602054,33509.38547008174,29323.9244491324,507.2709592388168,3,0,0,1
36.729527470435535,33614.56772414164,33460.04831710042,416.5933737290913,3,1,0,1
31.94055320932144,71148.4269964108,42100.26095511795,325.5050393033765,1,1,0,1
29.35280616368953,25884.62835806535,34552.67396095575,465.949349680724,3,1,0,1
40.13269324711773,91913.58317760071,9940.941841045635,707.5145882493125,24,3,1,0
13.391128195954272,9343.264943756803,41464.98893225638,320.63459621669915,2,0,0,1
42.30660859242567,43955.85612172207,32652.61038477262,450.529248883412,3,1,0,1
32.16580271128649,25755.346216482067,44837.06300545551,455.02188820880485,4,0,0,1
37.9386454870248,45284.86417280166,35904.77705993365,305.5126922788205,0,1,1,1
36.76896173611141,68676.57403769504,53611.0098641224,504.9254463691455,0,1,1,1
44.39361005647833,93804.08064570687,12433.220664444932,729.7394345187373,13,2,2,0
31.33309668515475,133546.32948735286,24199.836174465418,991.1465849056735,9,2,2,0
29.197768271477962,41788.592021375465,31498.01394212913,509.94807758620567,0,0,0,1
43.389067060763175,25112.253893060908,48013.90728908594,324.33074470933605,0,0,1,1
38.631407345971986,81326.46439142933,10723.702109594611,717.1553172788773,5,3,1,0
34.90071628370921,119947.53256283561,18587.06318609392,819.3432414452938,11,3,1,0
29.30574996563739,131853.7001285948,14170.956558082256,746.8472105902356,22,1,2,0
33.239810289656795,24286.575045991995,31683.702410367827,465.44055175181546,2,1,0,1
44.820217024852994,137343.50465119196,13682.318987362489,923.9866491605626,25,3,2,0
33.438456604368,92501.85281130976,21194.76813947019,753.7046817805069,7,2,1,0
25.999197649680678,9716.071330630895,39193.70739281819,369.008322272099,3,0,0,1
36.17264926417199,47085.037752633674,33687.132043514604,384.9634392637066,1,0,1,1
38.71679969548141,76862.75715463805,11648.832067872296,758.4087914450843,15,3,1,1
45.45395368699822,75827.73615335675,25634.04639030669,869.6386787463891,28,2,1,1
40.76662940292618,44456.87974653428,43884.29754133758,471.9320738308396,3,1,0,1
18.99631992097676,55531.38410737617,49348.84145857864,223.1220467763476,0,1,1,1
27.206907455233765,26797.89512597519,33370.21325087135,504.2840480586173,2,0,0,1
38.19195794261142,29484.7350884453,33339.34398357475,353.42530453116643,4,1,0,1
56.217193707647404,112261.71789514099,19874.464055250683,617.9821884800239,5,1,1,0
45.95431825733589,83423.84002328677,20844.903082706518,857.8194145501908,18,2,1,1
22.23162370155572,43259.872394958504,38716.83003817299,484.25862158039644,1,0,1,1
29.4271168329094,8495.193328856187,43310.20722205697,476.77469627540796,3,0,0,1
61.2398012238663,113365.73677832453,42766.58139577923,816.1840808612001,13,2,2,0
62.22060234097213,126696.61834179037,16485.72821869932,811.1425877086881,28,2,1,1
30.68701504480815,47169.49873798781,53264.97424212226,453.8787229017597,4,1,0,1
31.903591209515476,42888.26490479294,41149.92681367518,381.7233543732669,3,1,1,1
23.788869158744788,90763.73176115616,12775.663308613228,804.399140035353,21,2,2,0
65.26696409699294,80709.26857240387,13669.119818584015,761.7325591767499,26,3,2,0
27.358899774386977,30887.588772116214,39775.55824712867,472.22055328592387,0,1,0,1
53.799676255579946,135727.42071023182,8814.733258861253,654.2041500395277,21,2,1,0
59.12063849697116,58345.94629176464,782.3808325147893,646.2503018095626,16,3,1,1
40.615013467390966,48466.40844934505,41126.70010861956,522.1549639387102,2,1,0,1
25.775782099908703,75429.65655796175,56656.37431340543,404.30802441766855,4,1,1,1
31.6871169710192,30578.253989164717,41218.5223299165,556.414082091122,4,1,1,1
49.66200236287918,112249.34090521038,27244.438658107378,823.5262239949647,21,2,1,0
40.08373655380867,25517.289408051554,28173.42521029275,348.90507950955805,2,1,0,1
28.2142320545713,58214.76205666098,28771.29864495657,759.6580940878082,14,1,2,0
21.453389318595743,8785.971694897766,38069.31092191787,535.98293246742,0,0,0,1
42.38750495848189,72383.43533109204,27193.3778974487,823.2296216460267,10,2,1,0
38.38361698656121,44941.42404990614,33713.45588456887,432.59103168916056,1,0,0,1
36.30344578628305,84912.01517921689,18628.43170524916,745.5061691209619,28,3,2,0
57.66987400042185,44821.03867475636,24941.72984114176,764.7876577201653,21,2,1,1
30.764210204178333,87327.21478338272,24948.218236396686,830.4450516604571,9,2,1,0
41.69305144167599,47794.675770302885,49100.75929030129,339.85304005268415,2,1,1,1
67.61111356995119,68042.60999221662,12076.07430730783,813.5516166097004,7,3,1,0
37.29210074061638,33331.39928080632,32191.284540808057,261.1126370311021,3,1,0,1
46.89139326170459,64425.42045196745,13174.561421377191,599.8938811282108,14,1,1,0
55.10789578445342,114150.99017606389,25862.293535581735,861.1667028056962,21,3,2,0
32.370735366398044,29442.03397890332,50998.669436486285,553.3010482568327,3,1,1,1
46.31417887324189,74734.68713869252,33602.13082413537,719.9857653020246,14,1,2,0
21.09872539180487,29722.62028268188,40913.01718845711,472.4088672986793,1,0,0,1
26.804038765484467,78810.90848751053,18904.488111270217,795.9560497312112,11,2,2,0
42.723626620173306,128318.86669430256,12591.262077944253,666.5223472972241,5,2,1,0
26.926069581053994,59853.12153769539,42429.36933035661,383.53354812231066,1,1,1,1
26.03207963193735,37259.805136910196,32250.13986364844,341.70892377719673,1,1,0,1
25.27463359656152,-18677.602455913475,40262.63615481382,456.64175561696953,3,1,0,1
64.51301465507578,73178.13624549497,18776.81319047752,720.0357887882785,25,2,1,0
53.145523540296594,93613.5053031586,32871.07742168142,758.67163358991,17,2,2,0
37.52313468734376,98560.29185331488,20888.22597163173,733.999899314196,7,3,1,0
37.97697577944343,29687.940956751867,47703.23954235197,539.1912548915288,1,1,0,1
24.0277237315293,52383.767032271026,35773.417806899655,237.17077285500596,4,1,1,1
56.31640316163793,58981.9369754855,22303.877214120483,631.7669766006736,10,3,1,1
35.9843541905177,78543.79416012863,29250.851041972222,664.4128252041296,18,1,1,0
63.688060448864015,163337.72960267044,5616.861345437645,701.953058579774,25,1,2,0
57.02736026322874,136551.71780971455,23522.32232208659,814.076294123355,7,2,1,0
34.69894528249061,42686.710592477946,52211.128852294336,646.2333700518969,1,1,1,0
37.439485053625525,42315.78539097558,45573.2767863794,462.125500875408,2,0,0,1
37.00190355436818,27173.69079810406,28858.70588465848,419.60095207740216,2,1,1,1
25.737682441403642,36909.107747609116,30870.93699449532,342.8568948287905,1,1,0,1
36.44504481667088,16320.955777097184,40997.17657534333,254.64481927896077,0,0,1,1
43.31543570875484,29987.15496439565,26492.1765877779,567.2009965384893,0,1,1,1
31.525160263598735,72719.84749071565,14647.39778775986,796.7202984515371,22,2,1,0
27.916521199458266,18784.532361305894,41041.75466303413,403.7738724578957,2,1,1,1
46.733155426893916,85267.20411291061,5439.195707775923,674.248592349928,7,1,1,0
23.82710326677392,30998.373725417005,35164.65641526813,500.418265373844,1,0,0,1
54.43007298115323,75262.39671694566,7118.795814063479,802.0148026247431,27,3,1,0
36.29506745797948,-5443.192716672824,42280.39685984624,447.1089237834776,4,0,1,1
32.94514260580603,47363.554143936766,49857.76077668231,289.5761748286809,4,0,1,1
35.93029324088746,20743.927179849692,35434.14141164289,448.89117426746805,2,1,1,1
54.62860157808441,105816.25042481453,7189.280970473809,862.4380671367362,29,1,2,0
36.60336547652762,23402.52665877677,36991.144633297365,565.3154718546624,4,1,1,1
17.71863176095095,30436.374388939053,43379.72660425886,478.00654949531975,1,0,1,1
36.55363866185238,85698.53443864676,2938.659889631516,737.8114662941314,27,2,2,0
40.807245712566704,22456.702597000574,34707.06686054281,392.80390178702,4,1,1,1
29.58524326921887,46681.0712191509,33207.335236293904,389.64486225442596,4,1,0,1
38.98177951676988,5527.654483244944,41111.710475512744,459.2372071553679,1,0,0,0
28.801658020535612,67147.67866154127,46852.44653557895,367.9933765594328,2,0,0,1
49.75041518974077,131013.27998226737,2693.166244715338,742.8580638459886,18,1,1,0
25.307978580740006,30087.543818573344,32139.126829862988,507.5688846469366,3,1,1,1
49.41806247677508,166581.49941898492,21830.727591355542,715.4838084369488,19,2,2,1
66.45331835805615,140824.33700577216,13413.637436650992,818.4731504119248,19,2,2,0
55.34812420340829,92080.50472357182,12132.634718722395,607.474521788845,28,3,2,0
25.030383059652856,25529.220550127622,33516.008808542225,565.727162291295,0,0,1,1
32.20555230773159,35674.82599984205,34807.90534772074,480.0212537307127,1,1,0,1
24.577404816489416,61267.62388452652,50771.4600455247,585.6724175020282,0,0,1,1
16.07481176403296,60556.65388167706,33159.2450554988,461.085853261853,0,0,0,1
46.18478419542339,58607.130153246326,32468.88842757215,725.5183114223806,8,1,1,0
38.32154072524323,87600.22163946144,5717.570826350961,766.4676183344241,27,3,1,0
34.24976751776693,73309.02415080584,28666.579063542325,755.4464865902995,15,1,1,0
56.43270867675379,103214.5816151411,75.74953753515456,808.3910621588761,24,3,1,0
51.900237340153865,97054.330383329,10389.013625358892,678.095701979891,8,3,1,0
47.58611821463686,26557.597717452467,41368.94335344654,556.2839776485253,1,0,1,1
38.17934341988448,31992.242228870884,30093.18346309742,367.155560378366,0,1,1,1
40.37719623033532,44721.7709098115,34166.78358937762,565.4656902780899,1,0,1,0
60.002032644200824,64566.462979062766,22916.640193934458,637.2772943000032,16,1,1,0
35.56028469519981,44990.36571052859,41028.08184033249,275.65052921969584,4,1,0,1
37.2932644106227,38504.76057356423,43732.240033522736,401.5126499176726,4,1,1,1
31.574846098432594,41365.29859786986,47885.92688726669,372.45417041033323,2,1,0,0
31.729695998182898,113220.05520065526,12924.81063206288,604.2640011816375,29,3,2,0
28.554306923048642,54145.96287461914,28887.79928420081,510.14719550739454,1,0,1,1
25.263736493422286,51496.855239865916,43035.56494086031,305.1248448506319,3,1,1,0
47.440229864990066,111141.52873061538,13104.469945957218,765.5185573159769,28,1,2,0
62.237536101318746,69082.74954152164,27997.75778683984,764.3654802748205,16,3,2,0
41.148346639116,98488.393626023,15682.734246450063,704.5311889551606,9,3,1,0
31.817648982447214,32225.16576445049,35759.90366241778,356.5930494942107,0,0,1,1
28.289846906532023,34033.93489395356,38173.761697935064,500.03013491079594,2,0,1,1
56.71276685901156,77540.18336961989,23344.19199236579,821.5783924360205,13,3,2,0
43.6631388246271,65830.58762942647,2544.8302091042888,738.2438425749357,19,3,2,0
34.45437057532391,47618.52769341948,44664.13512716354,415.28174919199705,1,0,0,1
55.14245012182699,132074.14194934774,20729.701800216535,873.8710775257991,5,2,2,0
54.23247505720707,139991.67037013752,16326.110350292382,693.8231138580169,6,2,2,0
27.51303318867092,42174.755863224855,22425.91440960938,489.98149471981696,1,1,1,1
38.45077510268825,38689.21791870041,33716.810088583225,510.1976960342007,2,1,1,1
35.34966812013618,25014.442755247495,40654.38398030489,284.8625835067971,2,1,1,1
60.167861746264826,117490.20377486557,6741.745022126144,635.8584117983214,8,1,1,0
55.43544285933667,139508.3569601725,20302.077269020752,812.5805823582289,18,1,1,0
32.02912098876388,13240.946420996912,35076.102935921,566.5388580638282,3,1,0,1
35.927794954426574,137931.8803527647,11393.835410242187,785.2196961176946,24,2,2,0
21.310887747066737,19470.67851845336,36772.56994696775,371.1752235393288,0,1,0,1
28.69731347902892,41728.63854753265,28324.849744832416,631.4392639394831,2,0,0,1
21.321933621261987,76297.12142241298,44446.92807777726,429.89159753550786,0,0,1,1
56.53929821163719,169635.11003901387,28585.86122974463,752.328995044432,9,1,1,0
43.79202174778576,20295.89383358351,40384.63663579928,260.25649565131374,3,0,1,1
41.90193170921145,22995.091367678273,51793.343456844654,387.5054607588172,4,1,0,1
24.185501175010305,34387.07379928089,33219.71421847485,345.1070437170135,1,1,0,1
60.48562493660465,102362.0418287237,14604.866579567479,756.8827656541033,24,2,2,0
49.54108502912664,133073.94573098843,11816.214309571284,773.1078482663883,13,2,1,0
52.691512391062005,93690.03307897836,18178.270130284738,827.1765511507308,15,1,1,0
27.56172291085334,28795.525570757804,37687.848059023505,533.0307078040482,1,1,1,1
51.63944098185218,43078.10417351138,25599.820230894045,670.1828276896576,25,2,1,0
29.541135959497844,32993.28099743308,47360.232085663454,433.5759718222532,2,0,0,1
33.08131759844863,52033.19762539745,41290.98261425232,434.1482686832349,3,1,0,1
37.86702888883136,146559.98752984006,22829.548233488156,864.1587535964932,8,3,2,0
32.398948739655175,100517.94890513607,23191.611420338562,867.3252520100091,18,3,2,0
17.675710741579614,22829.760555570767,30583.819673121136,425.61821065995645,1,1,1,1
22.900828394842176,43015.4047388574,33425.44289945748,267.2640537263252,4,0,1,0
26.75406298426314,54599.7181222201,52441.646764644385,456.32313302463217,3,0,0,1
32.590636475934915,59121.38890245027,23115.257036160223,606.0418684147546,28,3,1,1
53.649423853860796,113525.23487027109,11015.899543506372,644.2834509095646,18,1,1,0
37.849755467640925,120865.93890777249,30942.087328147376,607.3397255873103,24,1,1,0
33.92511790201122,50331.925601451025,50572.65756329832,466.7026021059215,3,0,1,1
61.8585130013727,65812.98944172572,19617.47537001557,702.1799449690424,8,2,1,0
32.559787503703184,118645.36764561792,21722.740230586915,874.7724963687127,22,3,2,0
39.73692081368976,63154.90433185844,25039.86348120848,832.7709075258377,14,2,1,0
39.77568163209511,123925.78895213333,13948.15340072933,775.7059500313371,8,1,1,0
31.45858214687714,41343.12850806536,22426.60465615528,805.2144266628815,26,2,2,0
37.832771965073455,31532.603503243325,46879.56999223718,529.1121282175791,0,1,1,1
57.32114996626118,162796.1482174301,23104.35668384796,606.0204058862059,23,1,2,0
68.507162677207,131485.2155354647,9586.709285706416,722.4514892384194,23,1,2,0
35.919911552725225,74128.53841893403,16383.898348086772,882.9941402654513,12,3,2,0
59.565427819265906,106137.93453964726,25262.839980633056,814.0791700927315,25,2,2,1
63.93892721208472,135296.31631373466,42771.43539567457,693.7372754223494,9,2,1,0
44.889040274510315,18285.64770556671,56871.00031667433,492.18936486896376,4,1,0,1
54.99819179509149,97373.12061420183,3562.0783740784946,709.7188613428901,14,1,2,0
48.870562905076234,168197.75270267864,20285.80081837319,791.5483139903446,25,1,2,0
30.459291080617277,24235.747673828308,44950.70725310216,394.24674130065864,2,1,0,1
56.83291301032982,146558.08017162854,23166.610905147718,854.1368551119307,7,1,1,0
55.470814440418046,125452.89600999163,15444.171458918478,682.2739521904491,21,3,1,0
24.00366995266292,48659.26783770384,51875.89858606575,312.11564280125043,1,0,0,1
36.07212249294923,85684.02066122304,19841.068154755616,807.9887047505389,15,2,1,0
20.925275947626062,39529.078945874004,33808.486273056624,398.1300723367221,4,0,0,1
25.650395292914766,16203.348347086878,33311.97224623175,358.7719564297144,0,0,0,1
28.328677379893627,36138.28476723144,40774.87145536459,532.2747699490117,1,1,1,1
42.03962348894977,70515.2250826586,15775.255442669022,782.4255622092919,5,3,1,0
23.68076307259079,53789.667773442314,38333.1752557238,455.32947881674454,4,1,0,1
39.46101765476009,33569.01543481163,52250.82446254705,351.8914698395874,2,1,0,0
33.36532244590733,97362.7049828273,3457.9944455315162,688.1750962732341,8,1,1,0
30.221633242690803,59903.73108081204,37545.617238982144,737.7720778313605,21,2,1,0
39.59029835828148,119068.64713227107,2888.66594099777,792.0659496125656,9,2,1,1
33.88917650542427,37826.05169735585,42134.33886262993,289.1502050124217,1,0,0,1
58.271862955894186,99945.46110669698,15178.166209927307,823.1487282788307,5,3,1,0
16.41376120566737,61369.96322177853,50683.35928380676,481.7989590513081,3,0,1,1
27.874757852374746,37093.877949197966,40571.30401132356,401.25879318092075,4,1,1,1
64.91383782764227,86110.33938279847,23850.586500395322,753.5561187074802,12,2,1,0
21.83062758859966,55296.89266243291,43930.725911465146,492.7850505766269,1,1,0,1
58.73503036276304,121179.07914124949,6480.37655846737,629.3224952980759,28,1,2,0
38.47885711187272,37197.41368593254,41391.06029658733,334.90251694938553,0,1,0,1
22.05922475913877,49027.081000687554,38438.17503855377,384.79599795314004,3,0,1,1
17.337437681008716,34099.14395142655,39464.58519323653,383.8425377924441,0,1,1,1
21.981913785677314,34638.077312580484,45238.62004972558,621.1791141511583,0,0,1,0
37.06799182313449,31199.325134950934,48914.17040479296,582.9328816573528,4,1,1,1
53.404151560182385,74776.51865444829,29853.079575412346,741.5943964299329,21,1,1,1
31.01692334438354,22571.88219672241,22668.982818716093,468.54905218272677,0,1,1,1
27.724583797614503,27207.68896127978,46427.12337311265,368.3658803518508,4,1,0,1
35.855332830388136,50239.792637486265,43616.34184793214,517.6977079186244,2,1,0,1
27.677466845066125,17648.059730162662,33674.84773791954,271.7405569969872,2,1,0,1
31.4921248408643,48200.287282375204,36528.3622326234,509.9928589097453,4,0,0,1
56.94634679617307,121416.28582915918,7736.086105381106,733.760699171407,16,3,2,0
65.69014928942269,85224.2054288477,20590.834215399125,798.3164288162764,25,2,1,1
32.19397847611775,36320.37739218273,48804.4218825707,459.87338988395055,3,0,0,1
30.063789740600395,41003.714815373656,31862.79289431238,523.1912912899917,2,1,0,1
40.44679347334315,67346.08740451318,29716.417788591894,299.99381607619966,0,0,1,1
27.590265984140387,82440.6564351735,23250.755092273364,905.6290443413695,9,3,2,0
52.62195953987451,144035.74463548578,24763.677752802163,673.6365356342567,26,3,2,0
62.301781802645316,130583.4312165727,19498.019310040145,802.978600708871,18,2,2,0
31.12526054328051,24293.172553070566,41760.52345123406,482.3574516632491,4,0,0,1
34.03514867606074,64226.41821299622,26116.394905194044,767.6646472081663,15,3,2,0
40.463807729196944,51064.53094737251,54720.17702496643,282.26224362081905,3,1,0,1
33.348243038981465,50169.02266995878,51624.71338067227,391.8480618370246,1,1,0,1
54.212537132417495,81015.27496222778,14191.519631539113,804.9188840727112,5,1,2,0
33.96771569313734,50568.97711689133,25228.19822291447,354.5934628820826,2,1,0,1
53.042007003916616,60506.75303443221,29891.827493241944,833.9208997760956,7,1,2,0
33.693466455202525,140687.33639993222,22333.975210866996,810.3891906778126,24,3,1,1
20.654271046894582,34979.519503110954,31123.75778257526,538.883762559918,0,1,1,1
40.600903335113266,72432.00940277042,15544.668841967734,538.8503794227908,20,2,2,0
33.543685329727964,110151.646600172,15559.392798385481,873.8203635011075,27,3,2,0
12.176849553420098,10575.191800809938,42478.79004248009,396.12956862413324,2,0,0,1
64.69795768539824,67197.88630603107,15364.62526448604,690.481970735417,28,3,2,0
22.63564182641425,38517.01885755133,27634.786183543783,458.2344288478191,3,1,1,1
29.974340771855225,18681.429437394203,41021.27762478381,300.1088588762981,2,0,0,1
31.582577771465306,36792.95162596599,43785.685191645316,375.46934600719425,2,1,1,1
25.706103650108286,28199.470234273987,33271.23614865357,510.51822801643505,3,0,1,1
24.959705232153404,33001.201858075714,32824.19080625142,478.1255307005819,4,1,0,0
44.60468997203602,57407.209463348634,14557.812595544252,883.2663255075649,21,1,2,0
33.581415616124275,59458.41884499457,17888.508194013317,845.8855185388991,14,2,1,0
26.199827695665476,45772.48866650726,46290.25999802869,368.83233905135245,1,0,0,1
63.976725917867086,161233.91548830908,15116.547842371616,723.4935254768385,26,2,2,0
38.11051268167752,98195.28331567178,26931.02563621544,720.7090582457032,27,1,2,0
37.11118004503922,82582.18506776026,25980.388653687063,935.8669707525657,17,1,2,0
35.22414453242779,9536.872813418187,46589.411178458795,372.1896749062191,3,1,0,1
24.737823459616937,36947.690813008834,36217.81230643865,494.19101466104956,3,0,0,1
52.66042647101643,128676.78969322791,-394.6640100937402,713.2166242037745,18,1,2,1
23.013908684417547,40340.23199340409,34112.0059362141,483.358215923822,0,0,0,1
32.61726501347208,114113.68064490214,18499.436423902087,778.7379417479895,7,2,1,0
54.503347014885584,117814.64952533279,23495.720938383158,806.9713522016543,17,1,1,0
27.506453151652,57281.233956546785,39064.574970825124,511.97739862926414,0,1,0,1
43.34169656136615,124898.79623047318,26696.825098075045,686.7391770972309,21,2,1,0
45.26164213116402,98026.63848526175,23698.489572411236,695.2884945383189,25,3,2,0
56.76620865611605,101530.12253454115,29438.414522742885,737.4050776999154,29,3,1,0
29.13251150190022,45652.45549686542,43804.96624896753,526.7587091783213,3,0,0,1
34.5449006066466,72514.13993425222,7743.721722111739,775.5073178975214,24,2,1,0
38.90271436039019,97243.83290016466,24716.632422590865,887.9965016001868,15,2,2,0
50.7642890808073,79764.03975679983,22154.003884485675,857.3564065057387,23,3,2,0
52.029293545536056,86735.31759670554,23667.475858568512,850.783674881126,8,2,2,0
34.819571002969056,91653.04952750215,9701.809829994883,871.3386262428777,19,3,1,0
53.29043593549391,90475.19686744918,15583.49870775062,734.0156320372633,5,3,1,0
48.075229254109296,67608.20407226498,16702.370034922555,814.9659963199921,13,1,1,0
52.76935312005996,68166.09205619032,6757.500121579865,815.6054715900227,27,2,1,0
32.03057909737618,35579.33427226529,43137.13466573842,578.4970326067843,3,1,0,1
37.632351452581766,145781.97000659528,26401.78009365638,736.660623953191,19,3,2,0
36.95003920223906,115570.15015920666,18833.41450142568,625.9698592184033,12,3,1,0
20.94687159201745,45956.34257717876,47008.15401240393,354.4926932728446,0,1,0,1
22.60726808307702,33394.314901007514,33856.68094246048,317.29843262796453,4,0,0,1
54.254310583485484,69530.22719887471,9209.374273146183,907.9062652566511,28,3,1,1
45.60311696817125,60346.856238878,16820.324485115165,758.669484709588,20,3,2,0
58.11329038601167,130296.19533812648,7152.974227625311,744.0191449102878,9,1,2,0
45.10595086201083,100228.25251726211,18555.348780676977,735.715173902855,25,1,1,0
44.30469066051736,87340.97246927503,22410.88632560796,575.6639088857142,12,1,2,0
39.64163313429022,139270.56783965914,12701.085763092618,668.4105742118687,12,2,1,0
30.537965138359702,138088.40945540863,11400.936824174954,729.7422021252179,25,1,1,0
21.816795107766247,46783.0879939575,44181.24027239772,555.1946639277669,1,0,0,1
26.898984310982616,63451.12023026277,34451.045774118305,318.02301336301196,1,1,0,1
36.603925986315204,41238.82318490604,53254.29790448812,438.5510177160333,3,0,1,1
19.53875495729263,27976.042084110137,39175.47682265429,485.36000641200314,3,1,1,1
34.461570494272436,12072.952457552035,55416.32167019966,469.6475073523483,1,1,1,1
36.59498977850152,37156.576841043774,45819.10713326078,518.0280270263263,1,1,1,1
30.973534409160926,19210.887443035324,51313.179461167136,507.74385280826215,1,1,0,1
35.620067337707816,52224.31306467836,48781.68217974776,440.44801728521173,0,0,0,1
21.437810390432524,37344.967845345214,31637.477289687402,258.8616013135187,0,0,1,1
53.11834824703619,67373.79458713785,23826.881096279903,903.3404314171254,9,3,2,0
28.057207393436872,57787.21302104049,33828.51363369793,482.3500280822054,1,0,0,1
37.03948372549598,149594.41137693136,15029.768216709865,772.9959823033777,14,1,2,1
42.49159554817824,91820.63107277975,17161.03414879734,732.2659983363478,25,2,1,0
38.448295130461375,116662.31597077087,23910.93102833301,763.6682231437836,13,3,1,0
38.98691309021528,36306.32820102756,45635.31975338337,467.9252331155522,0,1,0,1
45.09841563756305,12595.191131731859,49444.864662159394,466.1353640576669,0,1,1,0
38.63130145969657,3523.100297700119,37266.36372196522,538.7424382174217,2,1,0,1
31.80849971516017,127479.76262759694,7441.840561684515,776.9171844397024,14,2,1,0
51.44772568847486,54891.453237939655,30532.76761226898,863.6517657099633,28,2,2,0
29.398265350801566,49395.59570550152,13220.166196235143,724.465457386937,25,1,1,0
28.591373317431533,47938.23274078711,36073.02920955266,534.7668200081298,2,1,1,1
39.29833163258894,46917.45774848304,42720.635501122364,228.8331132687462,4,0,1,1
20.180331043427756,26665.630157108182,44206.00524410704,386.7517917133969,1,1,1,1
39.38582169439646,20595.814611612623,35325.25606600388,483.1587510856182,1,0,1,1
29.10231933732221,42762.6912919967,36422.40926750116,452.2642626145529,3,0,0,1
31.446608636047202,30220.62381130022,33192.93268005846,422.3331620296313,2,0,0,0
58.221333844137405,58851.28869713628,23667.682037920968,699.8256917081617,8,1,2,0
37.87977389936051,75681.00434569674,15405.390851652688,679.2987908959183,22,1,1,0
53.189755332970584,110675.92358135329,12060.883557871062,710.6271938055236,23,3,2,0
35.938082274879974,50444.385387964576,50128.82290649259,423.8365948075217,1,1,1,1
25.109154788996833,44968.586738439815,31732.55172181216,291.0938334235927,4,1,0,1
31.681580474301633,20609.004730227527,46265.74183795708,481.1540216416165,4,0,1,1
53.812099401267574,104666.23112687525,25545.134209016403,600.5234339234215,17,3,1,0
37.82767418155966,126765.75451523566,18722.75236376672,769.7344509952812,23,3,1,0
34.446034626910716,52506.74401597521,37189.69684323021,386.70095807980584,4,0,1,1
33.832377596227175,24035.853336527176,33505.284291484655,482.034700893092,3,0,0,1
25.499425332821556,6381.9995353534,49310.40078244626,315.15347056658277,3,1,0,1
48.14795214750332,147371.91625904758,24843.58069672245,791.2610234327288,27,2,1,0
22.24348945178451,15298.863070296036,28917.69744805077,452.14002460210247,4,0,0,1
30.484026523045735,38498.39944702785,48730.23408974302,339.526091496358,3,0,1,1
54.11502396317434,92002.30460732622,10773.359325165608,781.2933408354814,23,3,1,0
35.10936993299028,80762.69380886416,31985.27474504704,899.564042631953,27,1,1,0
22.80399073536396,47807.775543687174,40805.18720783659,487.0076526123679,4,0,1,1
48.15129651049496,124087.01362904621,23777.032397969335,659.0048294502043,10,3,2,1
55.53804726387114,88970.49326561078,8581.18851167172,846.405182883747,12,3,2,1
41.78816422469336,25780.71999032396,46601.77367161702,343.53130399575116,3,1,0,1
26.34225323556055,35234.21192390414,28723.68331489766,546.7857895402396,4,0,0,1
28.270544309358485,13305.077173249592,31951.617046993666,418.3380406568492,2,1,0,1
35.337644498913214,130169.5450834635,26836.92923279576,846.6176143846428,8,1,1,0
54.59977690228106,123086.10655531428,27761.20821868472,678.2463031618016,13,1,1,1
33.237594773997316,35690.31941874509,48392.90811363184,345.9405844771192,1,0,0,1
60.95634995215591,98502.19776143863,-414.5400474190792,654.1261039690606,7,1,1,0
26.48572392648709,35656.05007169323,41688.100930832705,517.797790916389,0,1,0,1
38.59149052750574,25842.195053718675,48807.867600417885,337.3686437911343,1,1,1,1
33.247585271043555,61290.17880915496,39883.02752511548,503.2092107406909,0,1,0,1
58.18533974940643,73102.96234800934,27729.326068801474,882.6035348082389,29,2,2,0
24.648488282436166,35211.915957831545,42651.51567685803,223.52911350952326,4,0,1,0
32.32733368712462,85049.67375132201,27885.67389447012,817.0938953208287,23,2,2,0
55.495885457626386,120365.14537079523,26453.087659106095,894.6912826182669,18,1,2,0
46.958537980546375,86232.5760311946,31018.858256963846,924.078347776754,17,3,2,0
65.3297666249805,108021.1741984238,20483.067916828324,817.8741541464033,6,3,1,0
36.293105563391315,49492.498035560646,43041.978693284065,449.96388975741473,1,0,1,1
30.343337215915316,16252.959487427917,55456.59715626979,325.2249545036471,2,1,0,1
30.75890516574962,39289.970710026835,45123.41345066137,423.7956833208618,3,0,1,1
21.053828279983097,49216.354727686106,47021.85557656575,258.97193231705796,0,0,0,1
36.52635176237076,18186.848923039663,43689.76005513688,390.08550287422656,4,0,0,1
31.004057224786944,124405.93735121106,14704.143990185043,776.5203507909946,14,3,2,0
68.2605913797974,114293.20606512591,29505.310792150944,773.1490245204853,29,2,2,0
31.790508480444842,76222.25699180161,20292.76091700474,625.150514726931,17,1,2,1
34.53188942040992,165230.8548227271,15203.275612634094,770.5726954737785,14,1,1,0
55.00205754855967,123225.33923768753,19996.46765294002,689.6455083879276,18,1,2,0
17.67281874267771,35454.75878889601,48573.32266084941,310.73203719194913,1,1,1,0
35.39327930257567,45077.166759170665,33317.258871439895,328.25600137352734,1,0,0,1
42.98245459094784,80942.82888248297,37358.93084844429,774.8968880983028,7,2,1,0
25.002413011921274,42926.43352757289,23427.079104127497,415.03202625269375,2,0,1,1
44.289842394328524,135988.34492125723,9961.055476057016,655.2519149135297,23,3,1,0
40.28281800083324,53495.49323905133,40692.33545851469,451.4016966648385,2,1,1,1
29.647774763513212,138237.92041633293,11922.497958813658,751.9120981857895,18,1,2,0
27.97608827132582,105392.83493449757,33304.5113870477,729.2426717971314,26,3,1,0
40.39053740103614,104021.55238063709,8077.350494821396,638.0506716355765,26,3,2,0
35.445285715379605,60584.93350669461,30917.78996131889,444.60271039097483,4,1,0,1
24.166162152561906,37627.492007661516,37813.265151843385,500.3555785040007,4,0,0,1
39.27809344682667,57799.986841379796,9439.7978352452,586.9097301128737,25,3,2,0
44.66420904164674,81381.44050047669,20604.7324541844,612.598803674023,7,1,2,0
30.173913754080868,123953.05520373675,10624.438216880962,796.2699030479653,28,1,1,0
56.63540140897303,102009.55588795901,29891.019377720448,739.9272543838379,26,1,2,1
48.21968217368465,88838.86635938594,32904.26707857105,710.3980722848652,6,1,1,0
16.338893017744702,15864.858737234075,33578.28744773414,415.819798746219,3,1,0,1
35.70553660430221,54704.65478696565,54015.658393818645,495.21273527664266,1,1,0,0
33.67575637341368,86837.44475619766,22040.33967513054,773.045020038401,5,3,1,1
38.01087946289025,37989.18397343751,38717.152798045005,405.14681554824494,1,0,0,1
46.81133751770399,86995.10667424201,28885.169037187545,728.9571627420086,9,1,1,0
60.99777995636394,72093.25632893786,26774.731172192205,766.0793375544845,13,2,1,1
36.988776611218604,51121.07224229809,12964.779975609925,604.7732068632944,18,1,1,0
30.215016929799887,28516.401371952263,37517.931737636914,399.5640407511752,4,1,1,0
57.043880713120274,147524.5770924856,15337.620193470115,808.4952921956212,21,1,2,0
31.095654824449518,59373.31883336365,45422.41752794036,518.8979275320908,3,0,1,1
46.339269779471195,104148.08513331556,23151.238484443664,770.0903989042301,12,1,1,0
23.641434502849485,32510.404591603863,35974.6671650324,563.7064504000502,1,1,0,1
31.971740680949527,40538.88362417641,43048.37693985973,354.9783749193425,0,0,1,0
22.69849313654143,50980.47671767416,54046.34368869431,484.11982611496296,0,1,0,1
22.432850959618097,42651.9098085166,35298.3074419738,499.14855713278894,3,1,0,1
25.981025583982714,48046.40291379576,47701.332083343914,439.56179269145923,3,0,1,0
30.37362271243849,19251.400475271883,28805.486951409646,643.3560470355071,1,0,1,1
18.46189404030131,23550.621899139267,46141.030997222304,546.5488409586854,3,0,0,1
41.03947739417773,-1841.5502106858694,37188.00671823811,324.33965561232316,2,1,0,1
36.416597452586124,152921.85636950954,11654.048509825665,866.8899553476696,8,2,1,0
32.57448097836104,15895.025149209814,39239.55747804943,581.2405050208433,0,1,0,1
28.252499485544515,4457.007666851652,40767.09884627121,596.3992958891063,2,1,0,1
63.489777150282585,142393.8800171832,11724.400660654004,838.5424355547354,24,1,1,1
40.58664550056198,67907.65573071514,42869.437015496114,226.342320760457,0,1,1,1
65.7424589633419,95131.76112988665,15590.411427751023,674.771234342516,24,3,2,0
37.74307807115347,158031.99242083932,10786.889784530635,723.9471035262846,22,2,1,0
22.094975551723646,22435.422242908855,41070.703154898256,363.63669376052053,4,0,1,1
34.240429706869975,134787.18199663845,24980.78895185956,599.591121596855,14,2,2,0
24.307185662832033,37010.37079355214,48217.39225390249,553.5299589230561,3,0,0,1
61.432303369141955,106452.14372223798,-1820.3206431469443,664.0893492110108,12,1,1,0
47.62992563472778,118337.92017219367,25580.27199309677,653.2716979555101,20,2,1,1
15.1110013189076,21019.859255077397,50405.52032710144,262.1706333920874,0,0,0,1
54.211887318229245,65052.94891967124,24362.053923219886,864.9305959599855,22,2,1,1
57.45943501536745,93947.20292761119,25371.628227538076,688.9970216765988,17,2,2,0
28.733345415447662,24307.866766528045,50648.497395854174,557.2384014615684,0,0,0,1
23.35121913875097,30157.3913088205,43758.79217097901,330.04872397777,0,1,1,1
54.74059460750925,89926.29023977517,14510.407708754614,859.5436257527309,21,3,2,0
34.15142137093387,50417.86069287254,44129.28080846549,505.74294286987526,3,0,1,1
31.98592170285374,35925.79422061501,37274.55303776605,399.22969486316396,1,1,1,1
41.05474573752604,44173.55561054783,40210.404005847005,411.725880001401,3,1,0,1
33.95662123218026,111768.58457046191,16095.967766049698,875.3665051626411,29,1,1,0
20.372477147557774,136697.8200792612,12914.471702232839,797.171410022433,17,3,2,0
64.26072184098025,112260.84330171501,31733.29334987457,677.3602838351234,26,3,2,0
45.639290884843184,61115.636094094996,17596.543178641066,606.8128072862938,24,3,2,0
50.23351938365082,132517.7642314762,21900.45528251921,724.6138906452419,29,3,2,0
12.744583963169207,27253.528050307115,39696.19662292338,218.5230911240501,1,0,1,1
59.2219172067181,138199.4733686298,23129.687473534967,796.8133083611478,20,2,1,1
64.81579791190488,111782.4721036361,22192.595009440232,837.8945084332414,21,1,1,1
33.97957773993471,5067.171070193715,47265.093749573396,352.3750338237669,4,1,0,1
55.68106297591085,128956.64366962871,26134.12864444397,679.3291711365573,9,3,1,0
31.884328931430762,19182.79228378347,39413.56678383815,327.06962441745065,2,0,1,1
32.56436592996519,148716.038975967,11425.209945496128,841.8339384108571,23,2,1,0
35.83355354708595,53620.42961559555,27369.643127033884,454.0638558891039,3,1,1,0
57.16869410458536,82328.87776985379,19099.977188054607,749.2543351695751,14,2,1,0
38.17452215038855,37265.37969404321,37731.02195924171,569.4921283140715,4,1,0,1
56.22899902673567,129984.51625026383,13467.952184190679,711.2918397877761,28,2,2,0
30.15671680837069,56366.76795042882,42605.647864626495,511.52141552148015,0,0,0,0
48.4311492692301,103973.81541491253,7970.920056241362,655.6254450705133,14,3,2,0
21.56377248898093,25442.017283676636,50809.20444328227,451.7663526856106,4,1,1,0
57.24840152348014,69284.51130993219,35640.302362143724,809.5406559207796,9,1,1,0
41.204882032711026,36181.55857900846,47148.481011763346,374.92898444482853,2,0,0,1
45.53329445472926,42575.00722709119,36194.94577403705,553.2389962290589,0,0,0,0
58.379208684310115,149714.5579573294,20902.63377033962,763.9416950478786,13,1,2,0
19.562114528992694,41439.95534260243,35296.54942778832,442.73773227875256,2,0,0,1
64.57882277447936,82205.27123443819,23782.60540101544,599.9498868897509,17,3,1,0
29.714107971213604,58721.33042692796,39871.49082421368,519.852465472438,1,0,1,1
26.984700110508278,48363.858063111125,38192.65735524983,330.4502312455011,4,1,0,1
29.774857573701702,43965.51154221542,42792.80622843425,414.93705132863965,0,0,1,1
45.848742892040654,98669.94485684624,20528.754139032353,944.1447430535384,17,1,2,0
41.1092795908169,51648.69426910934,45023.55831079493,404.5022413219715,4,1,1,1
22.106454534442133,35961.41893102183,27636.050477314697,514.0900586759265,0,1,0,1
24.68962788353109,62964.96003474968,35364.72633189165,443.2008918677474,3,0,1,1
34.003496238185136,32379.468610186374,33758.501422971,354.2818667662515,2,1,1,1
40.26576722015251,33827.81912719894,31716.06124574277,543.5198355574558,0,1,1,0
35.18185156514439,112195.28596854568,26457.00458788493,890.6412427401804,29,1,2,0
55.16979490569545,86916.69636981221,26276.852012270207,720.8927592180639,10,2,1,0
28.62886178251633,34646.81614824656,40641.48761902805,295.3491081447042,0,1,0,1
46.552384013181424,131249.2612326018,19883.426858013416,750.3349571311156,10,2,2,0
57.90921418018849,84305.40545201983,3101.5775406154676,825.0788097657495,16,3,1,0
32.81464829856585,91321.42411714669,8240.674138847964,787.7619944288892,11,1,2,0
59.62593801841695,66412.20820167844,26561.954539962408,746.1730254846475,18,3,2,0
54.138721158648444,113261.80245319888,30563.207136294197,677.7328676389163,25,1,2,0
26.869130522897223,75017.78213301465,43578.99523071144,376.56368834816436,1,1,0,1
36.57861954495348,91574.27176862779,12556.080663234401,594.4626232614008,26,3,2,0
32.09373523578443,45378.84695130172,34124.37842974618,419.41233522429735,1,1,1,1
45.77705304594612,67095.1774262194,5972.146581783532,782.8563401457507,17,3,1,0
41.574478296336146,81291.813246461,19198.641004454872,789.0310980949678,27,1,1,0
38.79231221671772,95752.51503075875,27608.30924062551,785.1899961191266,16,2,2,1
37.964509691935255,47080.12756339859,47278.49975868572,446.475411419969,1,1,1,1
31.483136813022842,41272.19034985352,54132.87365501476,447.44443180138063,3,0,0,1
44.715032716888324,134793.74617963086,27439.86978920904,753.8316067695732,29,3,1,1
45.16443389637592,66222.10380708879,32298.31456493998,798.6849045436035,28,2,2,0
49.84484386647733,82866.45100971598,21894.46478447773,560.0422985749144,6,3,1,0
32.35874551947242,-2511.430103114617,40752.91864897041,281.90742786691095,3,1,0,1
45.42959364035866,138627.76978385288,28850.483303547477,774.6791510779227,12,1,2,0
31.98894492059817,48206.294384714354,50590.11729596279,244.812493136615,4,0,1,1
61.887263707659656,55214.87540953831,7558.516183622972,505.15318698562044,21,3,1,0
51.24086169014114,95542.1519214447,7613.773093192905,805.6609448567993,8,2,1,0
20.654291508504368,23888.538820609378,44418.81457999565,363.67139654237417,2,0,1,0
15.746957856918867,34777.777671590215,43124.34142235051,521.0471883241203,1,1,1,0
50.20060639243229,99785.3905837223,19495.485455703478,904.0468643493272,18,1,1,0
19.123893419410287,42031.21945429581,31740.20146426758,493.30724980192366,0,1,0,1
30.08886993800552,66712.33791235833,30904.380410647176,633.4256959338584,22,2,2,0
43.14238360823767,30269.669481995155,41490.1015057695,372.95706402945734,2,0,1,1
29.39390132670814,23265.113730201876,32967.672723581716,440.4974066280574,1,0,0,1
48.336364586347564,63077.837573920915,18669.318585279383,794.7802461143243,23,1,1,0
29.725260825458037,38153.29567858967,44944.38233236482,497.14950485656374,1,1,0,0
21.839543187214083,16276.145690814174,28885.102882047926,537.7844990102237,0,1,0,1
31.812310593500413,50733.7538683013,32612.74668505164,545.0434279686061,1,1,1,0
33.02933598450684,53857.40715365124,32093.435886334843,512.1145783678783,0,1,0,1
32.39936790910543,36974.36534851012,42194.57150258457,263.4586890951879,3,0,1,1
38.842331447198575,136518.72490540752,21095.507317348955,818.5321731527241,28,3,1,1
45.55125670773013,29586.04269778138,45732.00040691568,504.40409875540524,4,1,1,1
25.198957263282832,8264.112847859124,50538.17355105916,515.7263318021426,1,0,0,1
30.544253547005003,37174.32434822339,49886.91127793569,527.0734878257689,0,1,1,1
35.51684418668586,77470.8030184295,20018.45118942568,626.2334782476396,12,3,1,0
51.80055828567775,150160.6012739764,9353.774423521583,714.4679334025633,5,1,1,0
36.194428557109156,26445.377011294928,36657.970008125616,299.9826886621137,3,0,1,0
32.99890998000968,105349.78181808801,25323.615404868455,815.0810889973546,25,2,1,0
31.82663301555455,52889.50484150419,45224.31743769623,489.1407236733836,4,0,1,1
38.64244089224482,93377.12743989872,25865.233728565483,723.0106443831227,29,1,1,1
42.315739864237344,51708.60084090308,40780.39074777595,326.9065357911652,4,1,0,1
31.00626298267815,79122.84341365946,30714.73585388204,815.5970375007903,12,3,2,1
31.456261742077743,32148.943804953018,32876.70013630654,551.5751684755819,3,0,0,1
39.77292708218933,49210.778317177304,28388.275142437782,609.9272271810793,1,0,1,1
35.795452470092656,54924.15534553577,36533.17408545936,458.7480422960183,2,1,1,0
34.246695458672455,163274.7777636239,23448.878343980705,627.7861006257285,23,3,1,0
42.89057551669795,35762.86082498818,33329.82390862585,529.5631350642138,4,1,1,1
43.0343127023491,23526.412443485184,39750.43103113847,445.8249337999087,2,0,0,1
27.834247887808004,37410.054679166955,44425.719156612155,378.6881574988476,3,1,1,1
39.4158789924312,8927.704665959762,48338.56485388873,359.53960873952485,4,0,0,1
41.962779881401914,107674.35500434361,9265.99491521747,823.9850501876759,18,1,2,0
27.03392059326889,11172.336636917555,50326.93212337193,541.7933358449537,4,0,0,1
69.83788547196062,101616.35544358067,23415.120953542937,824.2158307160697,29,2,2,0
44.58540607503133,81621.95999853672,15865.932585411547,846.0761485368434,19,3,2,1
37.529531970354554,39843.52391401901,34415.59991239998,505.5999413265733,4,1,1,1
22.838254201819126,17181.977149166112,41882.72633947799,517.4585473144109,0,1,0,1
28.81287365838445,26007.649942541815,52782.49102049471,373.4864430021254,1,0,1,1
17.230598693654677,13409.932472109085,36511.27288763834,498.58685296030507,2,0,0,1
33.73417390434105,43037.06863417068,55045.53805998003,498.63549973471055,3,0,1,1
39.02052363554143,125995.55061360677,10038.867777133946,689.222914743072,10,1,1,0
20.17051308444508,46362.70326742477,27267.49764985603,429.23404413564555,1,1,1,1
37.186233061277065,35492.6050695059,30260.12112421801,505.5051756669453,2,0,1,1
44.19658363724153,124409.62894720989,26538.294909467997,794.3409069946632,10,2,1,0
32.32906098612757,58795.51789654654,2233.9421453669584,799.6214197054339,14,3,2,0
35.35453903185036,68886.88811517744,-684.0945724781777,872.9249585860384,18,3,2,0
22.244830857621462,26070.030612795927,40476.69401588371,321.7557413758242,0,0,1,1
18.58835655093708,52518.294656306694,36534.25225972661,511.06066342851136,0,1,1,1
47.40611990487682,142464.05416250997,13397.766196883138,601.6353860938125,6,1,1,0
23.375423772214326,33095.84984333249,39386.40964460571,307.71354219661663,0,0,1,1
70.9426113498481,121149.21033212668,23500.847067960138,795.6827600084976,9,2,2,1
48.7618265807085,98032.89318717773,14180.152645462167,815.5718954659126,5,2,2,0
32.70666299648476,36392.063882881645,44761.88342909163,435.860404173669,4,1,1,1
25.480406621916902,23158.389948767268,43440.69756761636,297.45094063886137,3,1,0,1
33.08147408914081,102464.81982680211,20657.730884527828,700.8345314584964,9,3,1,0
30.857764856521655,37373.29717248581,36468.7519031944,501.38422525130136,2,0,0,1
24.033144768477232,21950.62132089296,43205.79653937402,374.17904492882485,2,1,1,1
56.573808990100346,70322.8575053522,32137.05982598532,773.8459639709472,19,3,2,0
28.612585093388276,123704.93843508376,15887.221845323555,759.8630794748348,15,1,2,0
31.443803004862893,33192.81523590684,45888.08706784744,334.41536895940243,4,0,0,1
23.13727658452061,10029.006253575037,43244.811315256426,311.71561925489743,0,0,0,1
41.735387797449064,28045.60300273512,45136.19883284123,302.4397414138966,4,1,0,1
36.41878594406959,79868.14290481088,12036.094448844746,798.4240277839151,19,2,2,0
27.77909172423174,45256.809960980776,35503.11724053915,308.3563271715926,1,0,1,1
47.21922485218417,113113.62117302988,5584.634182766089,760.4211804585894,5,2,2,0
41.2660865716365,39284.31068696772,41442.65962298736,320.07967728516155,0,1,1,1
25.693797850783728,40012.47384591431,42356.46461142981,416.71220749417813,1,0,0,1
36.88007508435781,160017.84999281383,28191.305792379466,714.0704238866962,12,2,2,0
31.29781664811226,42185.272187755516,26260.641789593297,426.82916379618223,2,1,0,1
23.14513086109355,53057.53108489058,50971.93502234449,532.0501092547072,4,1,0,0
63.25797285567541,73459.47848321854,17037.883262517982,749.5107164475605,12,1,2,0
50.26578272202259,177106.1599931946,10526.830794740308,811.8517868486788,27,2,1,0
26.561303861573528,38567.62779779682,39195.46046991855,329.7243008438384,4,1,0,1
39.24663652058914,151375.45968094413,13446.508306606767,735.4513360572715,17,2,1,0
36.86653907182964,13853.646686749487,37333.96382954315,368.1349396273498,0,0,1,1
36.70143408251737,144368.15235650496,23565.134235266363,716.0947870033057,10,1,1,0
56.74572790006899,155605.95330311477,9007.489113491942,874.9289606699243,17,2,1,0
33.091140787773945,31650.060729475845,40035.15470384786,289.63259083124103,4,0,0,1
27.65292607026019,46044.951122989514,38727.03722889022,250.71715157980017,3,1,0,1
44.343995646264354,144807.66309635667,16362.47286253137,709.1381283357292,28,2,1,0
59.83571881406386,79583.25626784388,17122.782363574566,875.1538806439916,17,2,2,0
36.84518254817033,128668.64117548215,-5327.561763452666,588.6712086203974,7,3,1,0
36.442994080347674,118955.53378209079,13396.057235591674,728.1057127855486,18,2,1,1
56.022467506530724,81621.38896421152,31441.657711510088,692.0473247938135,7,3,2,0
40.73515552930756,69870.99511983935,12941.741539528652,734.2882827194304,14,1,1,0
20.969494867014134,40498.71429410885,54233.96037886033,463.12193514473006,3,0,1,1
38.594402197526,130663.02182474388,31808.184505591205,654.9391497454131,10,3,1,0
15.552355062518098,47076.21228561586,48352.22832597875,375.4974707160372,3,1,1,1
57.34303518350076,80606.9826447117,19776.89331509311,690.6444591412696,7,1,1,0
44.07287747853525,108654.10751875032,19793.652872399387,672.2018768113784,28,1,1,0
34.66932348329024,34240.0101272101,44979.12992604792,351.6515373853824,1,1,0,1
38.32256467538065,86636.3792249986,14232.517548448885,784.4513540997665,5,2,2,0
41.59578372339925,62653.61037340893,33119.5337092741,876.4953094455802,26,2,2,0
51.752984731094784,63824.83118285706,8652.125691608839,761.4961083144608,24,3,1,0
35.54668933448038,7344.519755522582,44834.33076103707,408.4899269209468,0,0,1,1
27.810263524972733,20362.61958041011,40456.843173326466,426.7586856077917,4,0,0,1
50.797623692474296,122015.03346563477,16038.871418570954,738.6998781756372,19,1,2,0
51.501000328566406,86267.06214247679,14226.266176296516,709.0285176999598,23,2,2,0
59.57991270947515,72269.878434032,30946.79034321965,723.5086602933404,13,2,1,0
48.56177933646426,142687.91899878328,22615.74956690257,716.9519135121467,11,3,2,1
25.32315867563959,36774.76645172669,37548.68368986822,294.9436971546245,1,1,0,0
51.61826170797927,83711.72854536737,24099.256304029546,827.0064175703948,26,2,2,0
52.37711102779568,85361.10464092132,25653.73358054467,740.1750354914767,16,2,2,0
20.798186706362007,31891.462070916117,45571.08879737225,520.355772479245,0,0,1,1
24.86047366183565,47441.61898681438,42126.601355322346,325.49583655993484,2,1,1,1
46.6928789961579,116888.65034856996,13770.092600694235,677.1715773322245,19,2,1,0
34.55688728626439,23392.443468315563,27184.3110902934,270.4407116020694,0,1,0,1
34.07026829657786,21469.78600391022,50373.91077806158,418.6585978661443,1,1,1,0
21.592869100890205,50222.59040048789,50721.600770606725,428.3087398050499,0,0,0,1
30.766481928081824,19594.35712284632,41109.696960450834,387.972656899452,1,1,1,1
39.28142233036834,14225.048219095397,35444.665746041,577.2185240636048,2,1,0,1
36.140409043163935,125908.14891277402,18912.873366362426,699.762037317297,17,3,1,0
27.781509832637926,23761.795598264398,36346.914042376244,536.8437034645154,2,0,0,1
35.25638426574927,114879.81179171317,18465.614986315064,847.4400107528821,13,2,1,0
48.23820600460496,92817.17563639572,21769.04588689936,602.4111261593799,21,3,2,0
31.532669462291864,49656.30384034807,31604.50970182648,440.7144440258,3,0,1,1
25.663996231811986,44094.05822781753,45943.40039267614,502.630690238525,3,0,0,0
51.82348857008228,102832.60073234186,24993.331215147497,744.14265973044,5,2,2,0
48.45718269858531,149957.01435106658,18545.43847505296,759.7683354872678,24,2,1,0
35.33743274186988,17151.928543366397,53981.53057323833,281.22509533307175,2,0,0,1
36.33439010806784,45303.58806990761,28516.34116111855,406.2051467848491,4,0,0,1
33.572470574730545,27675.354113343612,35067.72542820681,586.4434607199242,2,1,0,1
33.99171406700905,50052.867835262325,36469.214015100275,521.2225308794574,0,0,1,1
39.1711910540625,117196.98671792766,13062.307587003022,739.9756876228716,8,3,1,0
34.653381650714415,19743.616045936134,29781.85144285045,273.7562918622002,2,0,1,1
43.01824048485561,149979.63852604124,13339.484393039105,839.6234345535838,15,2,2,0
41.3344861699684,149625.1821770236,20736.70895343231,740.6639961774406,22,3,1,0
20.683242827424177,-16574.43755425656,58637.35240500247,543.6005773261093,4,0,1,1
41.82939724623825,54169.8413274691,30367.773632662156,393.7118352613366,2,1,0,1
38.21485858618094,56845.63168001623,34039.86516427676,602.1478032605448,0,1,1,1
38.797313671229084,76087.30721104733,22657.66620663147,749.9486638355781,27,2,1,1
25.89577900048632,20473.47331729813,41692.782038480196,341.09270180035924,0,1,1,1
49.46886116077151,115351.87616655043,11424.91860802171,893.0624439088258,26,3,1,0
24.89646304577384,35742.09259533339,52479.69480069128,306.37757734532215,0,1,0,1
46.442865023040525,133638.0986284719,24226.029765850577,854.4335447928872,5,2,1,0
24.099379279313453,1880.709788497381,44260.95771714058,477.28188599546667,1,1,0,1
41.18007193353656,111240.77258113268,23094.307956247685,704.191196259496,20,1,2,0
53.27827448791126,107934.77559249425,5351.990355882857,701.845761714516,11,3,2,0
50.78994453173896,135666.62876711608,2110.364105939076,670.0064697819296,19,3,2,0
58.63595686014421,122623.28801246658,28586.889559697473,727.8891963869306,13,1,1,0
27.79697619983466,45662.24861742293,37099.09561563973,443.2153661393598,3,1,1,1
62.18379306315859,135053.00011506336,19684.210165486253,752.8144067006189,25,1,2,1
38.33604144470953,121583.70594153699,11247.41734423977,815.700420704551,6,1,1,0
44.52107970092989,109444.90486365846,1650.9408694184067,874.3902317522237,21,2,2,0
37.09318728489639,20526.519005014965,51122.461568169296,545.7560480826694,2,1,0,1
54.36003605363218,115219.79458482993,25263.054860908764,776.4920137152446,25,1,1,0
46.58935510659483,95106.06187160495,12013.668625980215,703.1989952930282,6,3,1,0
37.40085999382278,66181.08405448045,40113.60436179906,449.03412626321983,1,1,1,1
27.102284319092174,32540.654201272147,30870.368337850337,375.2916800009475,1,1,1,1
32.18973815776175,26570.325906683312,36959.25598473456,439.07646544403315,4,0,1,1
22.04992678567068,37574.91188397582,36022.0952376052,277.5332594494469,0,1,1,1
44.64776712740744,53334.60806837739,31998.770077382855,413.77124369501274,3,1,1,1
31.618048057153253,36376.880675139066,41163.36925592241,330.4094818926594,3,0,1,1
20.070270420242682,49440.51311576032,35128.016123084424,437.2535915057197,2,1,0,1
27.023312962523146,42788.379857873704,30827.508255134333,496.5020178439405,3,0,0,1
31.916080050416607,107262.66533315998,27031.364292139006,739.2204561735538,19,1,1,1
68.16660744842433,107862.65027971458,14122.428245313404,679.8425614565489,16,2,1,0
63.7529908807119,121493.74600208706,1675.5200253996873,662.1389210650011,22,2,1,0
51.9814674550702,119284.34755545913,16140.144400201552,760.8339139865735,20,1,2,0
68.23346238727301,132653.02261547858,33050.531407978,814.2864276226153,20,3,1,0
24.31605633624356,35238.17618996683,48251.47041515701,539.9441214887022,0,1,1,1
38.00984839021438,81688.04770413207,11135.68360718406,649.4033376872892,5,2,1,0
25.149428626684827,34360.65074127,41209.520653515756,436.40753436585624,1,0,0,1
41.02365426493553,46510.448150865275,28460.27140222722,436.8635407999167,3,1,0,1
28.012689781068424,127575.13551963809,10976.572985340106,729.4385257026687,8,3,2,0
47.977204488024256,137251.3420992084,5217.345463856352,760.7787069767,26,3,1,0
66.8142640721955,145540.18132124256,-330.2084707174199,748.9754612340854,16,3,2,0
61.98170845815498,137354.46293271886,23965.74395734664,683.6625242422564,23,1,2,0
48.3544962053971,55128.823266237945,43161.31626482573,443.77704273119383,4,0,1,1
54.868140568236996,144302.48334380332,14576.702917508752,643.595816062742,17,3,2,1
27.572965933892274,25297.20323941998,52057.786942854655,554.9890498302694,0,0,0,0
27.066901589854123,89639.60091759363,24913.544804085253,675.4826984044483,23,2,1,0
37.52798612577249,128302.27856431012,27055.896569359466,655.9494736013836,5,3,2,0
62.82776802120042,148128.88946386616,12037.344199892315,650.1437278578798,18,2,1,0
26.94174238600895,29334.108052545427,29454.558771604687,417.27510844694206,1,1,0,1
34.5021428736853,31621.957290966075,44380.24062240722,332.15663683532364,1,1,1,1
43.474083196300874,128654.29479537372,13192.083294572098,839.8328052276595,21,3,2,0
49.43997824370102,85032.04517569761,8962.843867037252,738.3890099662445,21,1,1,0
34.63927664636481,40897.613232600976,36432.959439648344,537.4935280268539,2,0,0,1
35.339275305184344,67193.27677874567,5437.097131364673,815.1663873050896,20,2,2,0
59.50955265649615,81977.20174190484,18350.97756233398,796.1609964409836,12,3,2,0
35.95948979283222,69595.89478992509,19924.389246191186,791.9055867623637,18,1,1,0
34.587351167395546,113241.68639310914,23162.253431124864,769.5388623079327,21,3,1,0
18.992080900255907,40876.5052274057,32156.145425727966,444.41849878087004,1,0,0,1
45.06232185336598,21932.13528225844,46063.935029345295,306.9483180155838,4,1,0,1
36.10680596077046,105269.89098067384,10430.222381064274,642.4054624466245,18,1,2,0
39.75161759523879,77336.67751676509,9065.323824972522,796.5553459472611,10,1,2,0
62.85113778377189,105276.52993857453,12139.320470498153,784.4391050710844,19,2,1,1
27.03969905774146,36820.17739112663,32065.99223356809,576.7353599449905,3,1,0,1
36.180596660623564,108374.58336213478,26431.8405980694,851.2871084447806,6,1,2,0
48.68457415745993,143135.1599075246,16634.453245148827,752.8972943929575,20,3,2,0
21.895591928932284,10293.062293166102,35424.2279179108,413.4563732408125,0,1,0,1
38.31015437203814,156336.49769791114,13502.062985131843,636.6432844991589,25,3,1,0
23.99270863153852,44084.49152121911,31342.169696499226,458.24449048163353,1,0,0,1
35.605708614310366,40159.026537484424,39438.39540705764,523.6800352813124,2,0,0,1
39.600714674387326,34662.76369515012,34859.53443289479,535.6308549833425,2,0,1,1
41.52417840046263,89525.2669980661,23337.779948190284,825.609731973854,24,2,2,0
63.27110119314739,125424.05637065695,17264.516848967294,537.2283358960564,24,3,1,0
36.52626422827366,119663.85715266752,28873.214841161138,800.310178968537,28,1,1,0
59.63461179463708,72597.34018205864,21625.356153221797,768.0112384541342,27,2,1,0
30.529330664949384,34099.023401718965,33431.52977115136,558.1389154395058,2,0,0,1
24.1816885087076,44826.3665357899,27158.771797550595,575.61422057627,1,0,1,1
22.463168423289364,29547.459677778897,38231.51907894245,391.6372514516858,3,1,1,1
56.143986250077376,117307.4128550663,22014.473570233953,696.7272286054938,26,1,2,0
58.530556396702565,70741.06591605097,11385.489434224291,741.9085548816265,9,1,1,0
36.96228450183031,26665.779823850142,35196.833313757044,257.79751429454825,1,0,1,1
44.19781202335922,149474.35236463262,17479.96577329385,643.0690949762094,15,1,2,0
59.05710514802297,130412.3238500428,23724.543329944943,931.3924441746749,16,1,1,0
21.625954837137808,35247.71915545752,42841.567043590214,471.1166740221219,4,1,1,1
31.5663053745076,69694.01983856234,6795.180747561784,731.9176958460549,14,3,2,0
22.299679362745795,44485.2666257104,39627.17083015053,394.94130846130173,1,0,0,0
19.825538843886697,15062.72008408926,39343.51556443145,253.36879715974842,2,0,1,1
19.794827694538338,15427.637132755839,46961.09172971237,293.18464271859654,3,1,0,1
44.37801508218188,123171.10326932296,13678.265432131537,713.664818193788,21,3,1,0
41.27514661412219,29557.87862703229,53548.32663038769,316.7614308431938,0,1,1,1
40.77756701119544,93009.17378339834,15099.145621257408,841.8980903589111,21,2,1,0
25.379666956413285,41250.445321915024,45834.279745949665,442.1447807279207,1,0,1,1
24.739882216959536,40150.87262037046,38910.552339969465,418.099594974766,1,0,1,1
10.188156253735194,38120.597337342304,40031.34553428805,444.5685312609402,3,1,0,0
33.429032457409924,7531.34242464487,40572.87610366849,503.5153311584867,3,1,1,1
33.32934452011876,28876.267417578096,35945.71613816512,355.6522207488388,0,0,1,1
35.96421059946223,45466.679220833736,33786.75686001921,495.2678879428237,1,0,1,1
22.288265098771255,12004.83552574582,39433.215675907966,398.9664797473067,3,1,0,1
39.18396653001278,89135.8974861773,28111.755583506863,678.8087141987743,25,1,2,0
38.95422038606965,28463.133151347847,40702.716749148116,535.714963021724,0,1,0,1
47.61678721589828,135235.80266524645,14244.050568590774,728.5184926921241,25,1,2,0
72.87697014943124,139114.79168423233,9937.060690909062,635.8570821638303,20,2,1,0
32.91389700490021,52835.83089532228,31302.378480681542,494.2961035498569,2,0,1,1
29.243785642337624,27934.852496388397,42627.76466248311,515.1226906324428,3,0,1,1
50.59116531148506,90004.81959167658,15807.868534654985,697.6642742534178,12,3,2,0
63.95991406628482,89067.92252162812,4426.022872589276,647.1096710297986,6,3,1,1
34.4999908521913,65846.49043257785,9886.06952874862,854.8001660426302,7,2,1,0
48.12701037814065,91608.73072579248,13545.410594384502,764.9684824379584,6,3,2,0
54.38148747590147,104446.61666415888,10088.388278491913,763.4056411067472,11,2,2,0
44.74074170286445,66065.0147186925,21522.97277915123,752.9778465161128,29,1,1,0
47.30262854090712,89280.3346674876,26622.556082624615,618.698988308066,13,3,2,1
25.219220941823693,45876.512771594884,31846.141446967802,548.5440121336273,0,1,0,1
22.501424654670984,33423.28453880835,46269.500335626246,611.931886260125,4,1,0,1
56.95504149045693,146192.92542033002,18078.871053837604,693.8302181308133,14,3,1,0
58.805440138624505,139683.8627375614,26503.249843542442,796.7142983273213,19,3,1,0
27.666766090934047,21917.007864695875,43267.4942224751,622.7851882692299,4,1,1,1
24.19170164995733,28437.568542283894,35310.4597748543,491.4954627997426,2,1,1,1
38.946996759529995,41128.53094820861,40132.44396266199,445.6146529131835,0,1,1,0
32.442454621986016,41212.47123932858,43124.77329923792,362.02354290353014,4,0,1,0
60.34393715026511,108052.97055338892,26211.296927595853,677.9432190711536,26,1,2,1
40.62198766753406,29536.86810221715,56025.114949204144,319.1154922241326,1,0,0,1
65.35271660351331,67265.89129344106,14246.246363195563,902.8476355257384,27,3,1,0
47.21208064937564,77237.1237877095,25865.654643814585,628.8350767922259,21,3,1,0
51.92433584187668,33137.70580058197,555.500283499493,586.8868456839039,25,1,2,0
59.62624239275214,108684.1398975165,9920.292580375277,707.7897171617523,20,3,2,0
51.608740325947636,153848.97395653368,13470.596568458073,771.8744885585663,27,2,2,0
27.878256051576955,12099.943803590546,44281.81217374624,395.40315598226385,1,1,1,1
20.337580575136812,22147.4363585942,34022.89973589458,405.24121922300696,3,1,1,1
20.53898009433031,23356.24403651221,38599.48214612794,618.3612455952884,0,0,0,1
64.82879424256195,114587.00441084229,24151.68710049164,777.6968888659519,9,3,1,1
67.01524598735392,135624.59327279017,17365.369701953194,800.6707129984568,21,1,1,1
41.65425818596229,77269.42059669265,19137.4654555213,806.4891145223241,18,2,2,0
43.26015467577467,133494.953958459,21767.38149404183,758.7106349858669,20,3,1,0
18.819304033028455,31939.03405084429,30793.107414195976,534.0533476548875,4,1,1,1
30.345135599732203,47890.58233723881,34861.014061245674,485.06306764482014,2,1,1,0
51.43458315607317,63538.97515456826,13835.107944563531,846.1963599854164,11,1,1,0
68.63001740091889,163030.05960613658,15145.15365219604,765.9633539021207,26,2,1,0
36.61352212899557,37624.46688430851,42149.787510810726,391.04011839020984,4,1,0,1
25.571890551196997,13462.632245278048,36640.727305805754,412.5813964831333,3,0,0,1
37.785850004036575,139188.88097956934,25602.823552994607,660.6422311527141,10,3,2,0
16.44061385332524,17346.21796754073,54337.15206350852,277.31467464656004,4,1,1,1
28.815846833134046,-1189.7810792999226,40187.497113179765,431.72577471402485,4,1,1,0
37.383169712959244,44194.54189359711,12371.920574832406,744.9948248649655,7,2,2,0
39.24540893913741,63341.58865786439,35804.31897461695,889.2575885204784,24,2,1,0
24.085293219153314,19036.5316197867,46035.079187008596,384.6429487779463,4,1,0,1
35.18972696774556,46896.827464210866,32575.32080251539,512.6164159354596,1,1,0,0
29.5933737838144,20599.23532347762,42311.64519059804,375.4440060532896,4,1,1,1
53.32657124216304,108118.44424016835,7769.33594756975,919.130792367449,5,3,1,0
39.481057306714035,83540.57768493381,31287.05350288904,695.3723521110329,14,3,1,0
53.60191486501103,110764.36214370438,15935.034956511798,736.7660559169303,28,2,2,0
36.29778150195751,25952.142538942433,43536.70798982382,440.8819929971468,0,1,1,1
34.57775483177849,102046.00175198368,16836.135068458592,831.7910948365571,10,3,2,0
50.30645764837037,57846.938483701386,15948.331984764574,697.8244021755436,28,1,1,0
58.00052942311956,113161.90769958071,20669.57193483173,758.9247209814474,15,1,1,0
30.617990816338967,47660.82933487683,47310.95797920795,473.0294460461625,0,0,0,1
40.86411042704372,91686.10733842305,20990.054518210116,723.9529753041708,29,2,2,1
46.20013305061883,85305.4795868035,315.5777805418302,720.65057311551,23,1,1,0
41.745305515899055,33714.89007567598,43095.27648195713,508.26585350607206,3,0,1,1
60.97115023188519,70106.86550555796,29080.003963094496,602.1528150419647,17,1,1,0
23.794434300435686,47086.731970482084,38827.27860255499,607.122265196615,3,1,1,1
40.99093005374911,129084.16092221889,13361.149885765404,819.7976583115457,23,2,2,0
30.307762488540487,64824.93035005532,37711.717822406456,266.9264428588927,4,1,1,1
44.03119709151425,89834.21890689118,4730.342947969106,716.6194348068964,9,3,2,0
55.10575309893561,67393.85050223435,11606.943213637724,750.51214143393,20,1,2,0
47.11067239730854,85217.3982029187,20171.352779380217,798.3206215046898,5,1,1,0
31.86480876298238,69803.95012502166,20016.36062215554,761.1800689242122,20,2,2,1
59.63008596562898,163989.75406884,8613.780915115274,608.5145561864101,19,3,2,0
36.67946442223462,45444.29903295393,37691.79321332738,495.8887608893229,3,1,0,1
51.925882858478936,114416.09955671224,37071.09911432257,689.9310527666254,13,2,2,0
26.573177262878534,46534.0850950625,31800.048419919334,505.2352352776646,3,0,1,1
22.830718094005416,84484.52182669427,40273.80944576436,511.8689184273383,1,1,0,1
28.579746764306343,149096.48742718343,22781.116744736995,695.864955824194,21,3,2,0
30.10913014638522,21056.196150078325,43847.7346860481,259.2127987499122,2,1,0,1
36.86182498849439,46820.90174735621,20569.679612374952,650.3153234824342,1,1,1,1
36.39092109422056,51530.53104156433,48160.22912308831,316.9426752170276,2,0,1,1
32.77748842686481,55051.235821886665,48839.60285612367,312.2110235946031,4,0,0,1
67.79594441810283,92924.88068893868,20575.341031684915,857.2411881065345,17,2,1,0
41.71195848444966,130626.44861018413,10333.280348843913,694.4216741469045,25,1,2,0
26.059319739196724,67657.4461233391,10902.29210678775,830.3743038923292,14,2,1,0
40.80191874111763,125978.71204662984,15757.166158439912,861.6348799964929,9,3,1,0
19.891908468673595,44892.74529086244,52693.83512989287,447.8194691722596,1,0,1,1
29.2069994266624,40132.596011849295,41559.20375963055,360.7331450101516,1,1,1,1
62.31812150760314,107790.28851438916,27054.738631640663,785.7546987340343,10,1,1,0
44.77468941172021,134268.62858542037,25562.09280832201,667.8096272940668,11,3,1,0
35.76616757498616,26989.45340972876,41669.27798837497,468.983639155478,3,1,1,1
33.18002580303245,19786.741952262983,48138.87543244967,426.5475991237121,2,1,1,1
38.71602618725808,67293.81019839294,9861.116874915122,726.2699213781834,19,3,1,0
49.454581025026044,130293.54598982088,28545.804900759103,881.4749269876842,12,2,1,0
25.465761628244483,61725.703072119446,35232.251271840956,431.3014273844217,0,0,1,1
59.94533175783001,72612.91510222956,1814.372556730189,658.7275111421245,28,3,1,0
37.42932491546206,100751.82120715707,11656.015342652432,857.5473170739239,5,2,1,0
58.00456377241542,79155.08743824778,21816.72700965679,764.9807702930472,27,3,1,0
30.721094656022032,20126.172468075736,41760.03927065169,498.4229802478355,0,1,0,0
56.14140425517838,108448.04743329613,14234.935353340396,778.2430554179743,10,1,2,0
23.818650612661724,26955.66824751498,34784.47917623332,462.87683031200925,1,1,0,1
17.418668006322434,35385.59104925736,49996.01488914597,399.23668067670826,2,0,0,1
47.01964314850805,130286.82842593225,16804.64666157939,717.2492318083522,9,1,2,0
24.81627224428164,42958.74175948031,45091.5032050702,609.4762341197045,3,0,0,1
23.925443678760402,22478.043237930768,51208.856942972736,392.9751667945652,3,0,1,1
60.683062162153355,151303.83132254917,20244.13242937944,748.2106414595269,14,2,1,0
32.48189603078815,42327.465487165944,42419.945100947036,410.4455696989657,4,0,0,1
23.93168278111648,71231.35812090701,44174.48920561496,347.09152618058613,0,1,0,1
49.19308851990034,84224.8647882187,19032.09243851259,806.1465177323838,19,1,1,1
31.516796583836488,21506.57177833611,50062.06606938458,410.2794984237311,1,0,1,0
55.782120786836835,105354.51279211814,14967.66961981316,736.3851414852379,7,3,1,0
36.01562440971295,49865.992336217096,21119.807832666876,337.14731258472045,0,0,1,1
31.00515560427069,44824.4800577172,34610.86966321858,461.9019109699018,4,0,1,1
46.75228710187779,99534.94432163802,15808.333524686139,611.9749944789496,10,2,2,0
38.29091269248823,118227.77532800453,21504.819227480835,709.8517534824624,27,2,1,0
28.931177752679574,19584.557249246565,38767.98038907923,477.18846538939437,3,1,1,1
74.96995498009959,129640.06648381865,8707.679803528434,680.5082917455804,13,3,1,0
16.800297189607708,30876.941504765593,41078.76830180534,527.8644764111239,1,1,1,0
32.98376267381231,-1292.0048084400478,32589.49971197469,369.8100635103958,1,1,1,1
41.534404424910775,158553.19093315734,22711.7254632557,653.8283514822974,17,2,2,0
25.74894270009469,18674.49856953964,30654.986423325507,433.47230107633084,4,0,0,1
28.714218329449015,17562.773709304074,41357.69994699139,498.47074746691726,2,1,0,1
36.85676753457404,113779.79122495458,29558.101991246676,701.6860175249449,11,2,2,0
54.39310016204133,123084.5960006568,29112.20007968678,850.412507465395,25,2,2,1
42.605765137826836,124354.72826453217,20404.361778732236,693.22347425923,13,1,2,0
43.1499081497151,78734.58136645725,13272.150931706168,756.959930248008,24,1,1,0
30.43371015934459,50396.18133376102,21097.738435100116,588.4887619110254,19,1,1,0
38.143391257411885,92818.91800653045,11135.764931139187,649.50496489401,12,1,2,0
27.31927078656146,14102.958547324954,32818.380184026966,399.7521461572184,2,0,0,1
39.74096762312105,124442.81758314339,30153.3006344823,669.8554912834137,23,2,2,0
31.896416467020813,6493.471146924436,38590.19852650556,471.1805820467323,4,1,1,1
40.127101069951756,71093.51291471375,16961.452050477572,643.8306687844292,12,3,1,0
27.042188712596072,58255.307192684966,43125.52410526574,330.8758805074354,1,1,1,1
50.783493117347014,99633.29042870073,13036.862202565144,787.5275958316587,11,2,1,0
28.830490916296128,28562.81598736511,47690.32945821095,508.01828051171594,1,1,1,1
28.473923758295133,89465.95614479127,15987.256546819344,746.0436717689782,9,3,1,0
30.791303093461607,129692.32042219093,7858.102825221111,783.24823251829,12,2,1,0
32.32491654531027,31110.27053866398,46001.85456977866,589.7679358754307,2,0,0,1
56.38238967016644,72643.52066433469,24114.829705617783,743.1871709667179,27,3,2,0
49.82355993668703,109658.36923099626,16408.257559960595,606.007326358697,8,3,1,0
51.972895953554115,146027.92434465408,14961.495291986494,662.374299082256,11,3,1,0
19.27273811723841,59004.902391544274,36452.50743101053,364.12000557488255,1,0,0,1
69.51428163605466,122239.38879852068,-5480.149839549338,857.6811132437566,12,1,1,0
37.525365153983145,80766.55723881914,24100.184371030675,834.5447630140251,15,3,2,0
48.89189308850419,135988.1063123605,6545.994403819479,682.1306298734802,16,1,1,0
44.49856389413946,79947.9517237119,11646.545081022698,823.3477572677087,5,3,2,0
16.380547155726514,39893.14772440578,49859.49787227779,262.2432363861242,0,0,0,1
31.142571781858507,141116.3834836139,13454.174881450987,716.2883111571773,6,3,2,0
34.94039520631075,14094.612759191672,31570.465210661892,631.1688659644997,1,1,1,1
63.560871434710755,72170.41743971527,16071.942450746234,788.5993509082343,25,3,2,0
47.065214862075194,102267.58795715169,26821.796374444253,946.4371402092925,18,3,1,0
35.258945460342986,11949.495715730329,22453.725575974247,492.1087445431667,0,1,1,1
28.173076510534607,33545.52279566473,29711.39783930986,495.13392898856335,2,0,0,1
28.645051199986092,31503.615564418207,33288.4896446074,495.12568128339353,3,0,0,0
49.78623559244483,65484.24779947952,14219.721100725917,880.7035522567692,27,1,1,0
22.759191535520138,36966.76834939272,47329.026377670074,372.28601296951496,1,1,0,0
38.771532600331675,63056.797438430396,23991.320174519453,866.7833510200979,5,3,2,0
17.285228032472478,39468.27478421216,50747.069658840686,508.48460774367607,2,1,0,1
42.6245005763231,69929.61270014287,13035.225486749514,836.4904775625164,8,2,1,0
52.98140506674869,107976.31222335412,9269.730291872238,792.6578437723742,10,2,1,0
32.89115172877271,13615.122189270669,44541.06953297585,559.1001314080463,0,1,0,1
35.62840871634643,28714.847463101658,27269.732689052384,357.9627343397777,0,0,0,1
44.336642044987805,123886.53055190442,23742.30891398529,802.1815769223426,11,1,2,0
23.79053988905628,18794.64931952433,37476.43302043924,342.11315513003314,4,1,0,1
41.3584081421115,32749.125893274577,31992.492690799052,544.0469275189673,2,0,0,1
59.94483674090087,112232.08665046634,23889.436494234465,758.5669341529881,18,2,2,0
30.009180239600067,57037.12372501452,36842.00784320878,264.9774096251021,4,0,1,0
34.10016494607311,124402.38273922488,19669.689103975696,747.5487021151,7,2,2,0
33.33117332986817,51648.01412098072,49055.76988939163,559.4029158345094,3,0,0,0
24.233806842254108,37980.01292320361,35640.94333719569,378.266264974046,0,1,0,1
35.14571651655499,58616.99595613543,40502.27717936295,251.28387229555383,4,1,0,0
53.6221363058921,76047.19467154986,10737.433546793109,728.5149969598302,6,3,2,0
28.60607254942458,33181.460947868116,44873.852625871456,347.36385473183515,1,1,0,1
25.815602527894633,29330.338994851805,40663.94152368184,414.15405981247113,4,0,1,0
43.65601953895515,108721.26285466168,12808.41649455272,898.3102484044593,22,3,2,0
19.62574822417057,26218.534928516692,48495.70006925515,518.1329392859637,4,1,1,1
42.7595637663933,22061.097732165577,41466.82001420058,450.6302549718214,4,1,1,0
65.18828826153504,82543.21101638603,14968.087804996017,661.8858424034007,21,2,2,0
63.49810917314477,131279.25893377117,30067.326400397404,872.0850622996995,18,3,1,0
33.55192490768406,116141.37527492638,12349.947450044247,547.0251964879167,6,1,1,0
54.726217159060056,85238.20357176349,8271.611165116687,703.2340561794839,25,2,1,0
43.96089526133134,23709.403852417257,47720.47532618244,300.47986293744384,2,0,1,1
61.78832204895456,88926.43057918221,4280.99748974317,885.2784048098674,18,3,2,0
19.257517918432086,58647.87883808906,47151.87772989251,463.7383043558459,0,0,0,1
28.577770387685607,31077.45236405094,57319.33962858518,465.9252824104055,3,0,0,0
24.871977100902217,15623.165658112786,39494.34897758517,330.73760188956487,3,1,1,1
25.048276038745698,37291.4870659419,34509.25848493541,327.4381296298471,0,1,0,1
50.8436054425112,75522.53917260603,24631.851885771153,696.9731341355412,7,1,2,1
25.329983045915014,51528.00743899653,45572.06519528733,248.05506312929236,2,1,0,1
44.353849340694595,89344.56979963846,9178.634573767842,672.5310577438748,25,1,1,0
47.34707587937785,51036.684072612574,21731.752262908354,624.5040442521622,6,1,1,0
21.97012365549144,-955.3910277867399,49956.32134666609,366.18498264686804,0,1,0,1
42.009035234707845,78840.53991370967,19007.84921123721,707.5278971336439,20,1,1,1
47.67856870306541,102958.31567140885,38025.570808377495,702.5477149516088,5,3,1,0
31.494759235014463,40496.051896625504,38427.983608003386,402.04242504755274,0,0,0,1
27.02041007431244,7031.551160921274,46867.39307026881,592.3642660679164,2,0,1,1
35.13995111963047,28383.569457703434,42021.81279695168,385.48786506599333,2,0,0,1
20.513425544264344,43157.530220504996,38113.898341803244,269.5266551199688,3,1,1,1
33.356511253584905,167270.09811848463,22917.993263868982,873.2347253917333,9,1,1,0
53.25348109727132,135894.0040331394,29252.78795307912,799.0457770852233,11,1,1,0
38.841298496983136,137267.6591864507,7572.277319649374,659.2745504152857,20,1,1,0
49.86124132262178,167269.12611383802,31395.31690683344,793.4247505261885,27,2,1,0
47.41180388744576,18655.957221465374,18284.700041374417,723.7126588137838,22,3,2,0
42.57323742417637,56111.32488276372,35485.880411547456,378.956491632545,1,0,1,1
21.324513098410016,34277.69084513098,53171.90218716409,540.4297345878139,0,1,1,1
52.017017346608206,90405.81737559376,17420.769633444135,678.6723574291224,29,3,1,0
37.22033216020733,12924.243851514202,33132.57351897028,420.61084291474924,2,1,1,1
22.142422865674266,34829.28524231417,39942.37495981925,289.3516482741606,2,0,1,1
31.40439835402638,43887.91956114059,44761.933306184685,507.93926058207535,1,0,1,1
26.201134693296407,62407.04479321037,30612.280423263852,586.0671535478039,1,1,1,1
46.706083027780814,136093.13475116968,25845.460963559475,873.391890542218,29,2,2,0
32.64155623614683,46344.62783611284,31603.9666737804,550.0283468316055,1,0,1,1
33.53083229474493,104768.79393326555,13482.66163843928,742.8663679460512,20,2,1,1
26.305529111339364,27556.00650232364,40594.814351812325,284.1178537080558,3,1,1,1
47.59521907743773,138325.4491631822,9993.026848193682,648.7990852586231,12,3,2,0
23.20102413852696,64787.35095373362,41697.3345595864,281.64066662871625,2,1,0,1
46.82227769462115,69238.2998376788,28203.029016638284,809.7260412430217,6,2,1,0
37.640408259508355,50060.82603446544,39645.9014864173,489.4058441764424,3,1,0,1
33.89227890155918,37675.31114639654,42782.985666020286,351.69129052663646,4,0,1,1
45.69183250929715,143168.35172165636,13780.719979319136,735.3652484014386,17,2,1,1
22.10610260603681,37699.27765018522,42018.421949381554,254.0791882375396,1,0,0,0
35.446764056021806,100842.43720618366,28035.984523688643,715.9640613169257,10,1,1,0
